#,Time,%Passes,Change,Test,Pass,Partial,Fail,Untested
0,Sat Oct 06 21:45:52 EDT 2018,46,46,Assignment2Suite,ContainsTest0+ EfficiencyTest1+ EmptyTest0+ FindMinMaxTest0+ FindMinMaxTest1+ InsertAfterRemoveTest0+ InsertAfterRemoveTest1+ InsertTest0+ InsertTest1+ InsertTest2+ RemoveTest1+ SizeTest0+ , ,ContainsTest1- EmptyTest1- FindMinMaxTest2- HeightTest- InsertAfterRemoveTest2- RemoveTest0- RemoveTest2- RemoveTest3- RemoveTest4- RemoveTest5- RemoveTest6- RemoveTest7- SizeTest1- SizeTest2- , ,
1,Sat Oct 06 21:47:14 EDT 2018,50,4,Assignment2Suite,ContainsTest0 EfficiencyTest1 EmptyTest0 FindMinMaxTest0 FindMinMaxTest1 HeightTest+ InsertAfterRemoveTest0 InsertAfterRemoveTest1 InsertTest0 InsertTest1 InsertTest2 RemoveTest1 SizeTest0 , ,ContainsTest1 EmptyTest1 FindMinMaxTest2 InsertAfterRemoveTest2 RemoveTest0 RemoveTest2 RemoveTest3 RemoveTest4 RemoveTest5 RemoveTest6 RemoveTest7 SizeTest1 SizeTest2 , ,
2,Sat Oct 06 22:14:23 EDT 2018,57,7,Assignment2Suite,ContainsTest0 EfficiencyTest1 EmptyTest0 FindMinMaxTest0 FindMinMaxTest1 HeightTest InsertAfterRemoveTest0 InsertAfterRemoveTest1 InsertTest0 InsertTest1 InsertTest2 RemoveTest1 SizeTest0 SizeTest1+ SizeTest2+ , ,ContainsTest1 EmptyTest1 FindMinMaxTest2 InsertAfterRemoveTest2 RemoveTest0 RemoveTest2 RemoveTest3 RemoveTest4 RemoveTest5 RemoveTest6 RemoveTest7 , ,
3,Sat Oct 06 22:53:50 EDT 2018,53,-4,Assignment2Suite,ContainsTest0 ContainsTest1+ EfficiencyTest1 EmptyTest0 FindMinMaxTest0 FindMinMaxTest1 HeightTest InsertAfterRemoveTest1 InsertAfterRemoveTest2+ InsertTest0 InsertTest1 InsertTest2 SizeTest0 SizeTest1 , ,EmptyTest1 FindMinMaxTest2 InsertAfterRemoveTest0- RemoveTest0 RemoveTest1- RemoveTest2 RemoveTest3 RemoveTest4 RemoveTest5 RemoveTest6 RemoveTest7 SizeTest2- , ,
4,Sat Oct 06 23:22:29 EDT 2018,34,-19,Assignment2Suite,ContainsTest0 EmptyTest0 FindMinMaxTest0 HeightTest InsertTest0 InsertTest1 InsertTest2 SizeTest0 SizeTest1 , ,ContainsTest1- EfficiencyTest1- EmptyTest1 FindMinMaxTest1- FindMinMaxTest2 InsertAfterRemoveTest0 InsertAfterRemoveTest1- InsertAfterRemoveTest2- RemoveTest0 RemoveTest1 RemoveTest2 RemoveTest3 RemoveTest4 RemoveTest5 RemoveTest6 RemoveTest7 SizeTest2 , ,
5,Sat Oct 06 23:28:55 EDT 2018,50,16,Assignment2Suite,ContainsTest0 EfficiencyTest1+ EmptyTest0 FindMinMaxTest0 FindMinMaxTest1+ HeightTest InsertAfterRemoveTest1+ InsertAfterRemoveTest2+ InsertTest0 InsertTest1 InsertTest2 SizeTest0 SizeTest1 , ,ContainsTest1 EmptyTest1 FindMinMaxTest2 InsertAfterRemoveTest0 RemoveTest0 RemoveTest1 RemoveTest2 RemoveTest3 RemoveTest4 RemoveTest5 RemoveTest6 RemoveTest7 SizeTest2 , ,
6,Sat Oct 06 23:44:36 EDT 2018,42,-8,Assignment2Suite,ContainsTest0 EfficiencyTest1 EmptyTest0 FindMinMaxTest0 FindMinMaxTest1 HeightTest InsertTest0 InsertTest1 InsertTest2 SizeTest0 SizeTest1 , ,ContainsTest1 EmptyTest1 FindMinMaxTest2 InsertAfterRemoveTest0 InsertAfterRemoveTest1- InsertAfterRemoveTest2- RemoveTest0 RemoveTest1 RemoveTest2 RemoveTest3 RemoveTest4 RemoveTest5 RemoveTest6 RemoveTest7 SizeTest2 , ,
7,Sun Oct 07 00:06:05 EDT 2018,42,0,Assignment2Suite,ContainsTest0 EfficiencyTest1 EmptyTest0 FindMinMaxTest0 FindMinMaxTest1 HeightTest InsertTest0 InsertTest1 InsertTest2 SizeTest0 SizeTest1 , ,ContainsTest1 EmptyTest1 FindMinMaxTest2 InsertAfterRemoveTest0 InsertAfterRemoveTest1 InsertAfterRemoveTest2 RemoveTest0 RemoveTest1 RemoveTest2 RemoveTest3 RemoveTest4 RemoveTest5 RemoveTest6 RemoveTest7 SizeTest2 , ,
8,Sun Oct 07 00:12:26 EDT 2018,76,34,Assignment2Suite,ContainsTest0 ContainsTest1+ EfficiencyTest1 EmptyTest0 FindMinMaxTest0 FindMinMaxTest1 FindMinMaxTest2+ HeightTest InsertAfterRemoveTest1+ InsertAfterRemoveTest2+ InsertTest0 InsertTest1 InsertTest2 RemoveTest0+ RemoveTest1+ RemoveTest3+ RemoveTest4+ RemoveTest5+ SizeTest0 SizeTest1 , ,EmptyTest1 InsertAfterRemoveTest0 RemoveTest2 RemoveTest6 RemoveTest7 SizeTest2 , ,
9,Sun Oct 07 01:34:15 EDT 2018,76,0,Assignment2Suite,ContainsTest0 ContainsTest1 EfficiencyTest1 EmptyTest0 FindMinMaxTest0 FindMinMaxTest1 FindMinMaxTest2 HeightTest InsertAfterRemoveTest1 InsertAfterRemoveTest2 InsertTest0 InsertTest1 InsertTest2 RemoveTest0 RemoveTest1 RemoveTest3 RemoveTest4 RemoveTest5 SizeTest0 SizeTest1 , ,EmptyTest1 InsertAfterRemoveTest0 RemoveTest2 RemoveTest6 RemoveTest7 SizeTest2 , ,
10,Sun Oct 07 01:40:43 EDT 2018,88,12,Assignment2Suite,ContainsTest0 ContainsTest1 EfficiencyTest1 EmptyTest0 FindMinMaxTest0 FindMinMaxTest1 FindMinMaxTest2 HeightTest InsertAfterRemoveTest1 InsertAfterRemoveTest2 InsertTest0 InsertTest1 InsertTest2 RemoveTest0 RemoveTest1 RemoveTest2+ RemoveTest3 RemoveTest4 RemoveTest5 RemoveTest6+ RemoveTest7+ SizeTest0 SizeTest1 , ,EmptyTest1 InsertAfterRemoveTest0 SizeTest2 , ,
11,Sun Oct 07 01:42:04 EDT 2018,88,0,Assignment2Suite,ContainsTest0 ContainsTest1 EfficiencyTest1 EmptyTest0 FindMinMaxTest0 FindMinMaxTest1 FindMinMaxTest2 HeightTest InsertAfterRemoveTest1 InsertAfterRemoveTest2 InsertTest0 InsertTest1 InsertTest2 RemoveTest0 RemoveTest1 RemoveTest2 RemoveTest3 RemoveTest4 RemoveTest5 RemoveTest6 RemoveTest7 SizeTest0 SizeTest1 , ,EmptyTest1 InsertAfterRemoveTest0 SizeTest2 , ,
12,Sun Oct 07 01:42:30 EDT 2018,88,0,Assignment2Suite,ContainsTest0 ContainsTest1 EfficiencyTest1 EmptyTest0 FindMinMaxTest0 FindMinMaxTest1 FindMinMaxTest2 HeightTest InsertAfterRemoveTest1 InsertAfterRemoveTest2 InsertTest0 InsertTest1 InsertTest2 RemoveTest0 RemoveTest1 RemoveTest2 RemoveTest3 RemoveTest4 RemoveTest5 RemoveTest6 RemoveTest7 SizeTest0 SizeTest1 , ,EmptyTest1 InsertAfterRemoveTest0 SizeTest2 , ,
13,Sun Oct 07 01:47:11 EDT 2018,92,4,Assignment2Suite,ContainsTest0 ContainsTest1 EfficiencyTest1 EmptyTest0 FindMinMaxTest0 FindMinMaxTest1 FindMinMaxTest2 HeightTest InsertAfterRemoveTest0+ InsertAfterRemoveTest1 InsertAfterRemoveTest2 InsertTest0 InsertTest1 InsertTest2 RemoveTest0 RemoveTest1 RemoveTest2 RemoveTest3 RemoveTest4 RemoveTest5 RemoveTest6 RemoveTest7 SizeTest0 SizeTest1 , ,EmptyTest1 SizeTest2 , ,
14,Sun Oct 07 01:49:39 EDT 2018,92,0,Assignment2Suite,ContainsTest0 ContainsTest1 EfficiencyTest1 EmptyTest0 FindMinMaxTest0 FindMinMaxTest1 FindMinMaxTest2 HeightTest InsertAfterRemoveTest0 InsertAfterRemoveTest1 InsertAfterRemoveTest2 InsertTest0 InsertTest1 InsertTest2 RemoveTest0 RemoveTest1 RemoveTest2 RemoveTest3 RemoveTest4 RemoveTest5 RemoveTest6 RemoveTest7 SizeTest0 SizeTest1 , ,EmptyTest1 SizeTest2 , ,
15,Sun Oct 07 01:51:15 EDT 2018,88,-4,Assignment2Suite,ContainsTest0 ContainsTest1 EfficiencyTest1 EmptyTest0 FindMinMaxTest0 FindMinMaxTest1 FindMinMaxTest2 HeightTest InsertAfterRemoveTest0 InsertAfterRemoveTest1 InsertAfterRemoveTest2 InsertTest0 InsertTest1 InsertTest2 RemoveTest0 RemoveTest1 RemoveTest2 RemoveTest3 RemoveTest4 RemoveTest6 RemoveTest7 SizeTest0 SizeTest1 , ,EmptyTest1 RemoveTest5- SizeTest2 , ,
16,Sun Oct 07 01:51:33 EDT 2018,92,4,Assignment2Suite,ContainsTest0 ContainsTest1 EfficiencyTest1 EmptyTest0 FindMinMaxTest0 FindMinMaxTest1 FindMinMaxTest2 HeightTest InsertAfterRemoveTest0 InsertAfterRemoveTest1 InsertAfterRemoveTest2 InsertTest0 InsertTest1 InsertTest2 RemoveTest0 RemoveTest1 RemoveTest2 RemoveTest3 RemoveTest4 RemoveTest5+ RemoveTest6 RemoveTest7 SizeTest0 SizeTest1 , ,EmptyTest1 SizeTest2 , ,
17,Sun Oct 07 02:11:12 EDT 2018,92,0,Assignment2Suite,ContainsTest0 ContainsTest1 EfficiencyTest1 EmptyTest0 FindMinMaxTest0 FindMinMaxTest1 FindMinMaxTest2 HeightTest InsertAfterRemoveTest0 InsertAfterRemoveTest1 InsertAfterRemoveTest2 InsertTest0 InsertTest1 InsertTest2 RemoveTest0 RemoveTest1 RemoveTest2 RemoveTest3 RemoveTest4 RemoveTest5 RemoveTest6 RemoveTest7 SizeTest0 SizeTest1 , ,EmptyTest1 SizeTest2 , ,
18,Sun Oct 07 02:12:42 EDT 2018,88,-4,Assignment2Suite,ContainsTest0 ContainsTest1 EfficiencyTest1 EmptyTest0 FindMinMaxTest0 FindMinMaxTest1 FindMinMaxTest2 HeightTest InsertAfterRemoveTest0 InsertAfterRemoveTest1 InsertAfterRemoveTest2 InsertTest0 InsertTest1 InsertTest2 RemoveTest0 RemoveTest1 RemoveTest2 RemoveTest3 RemoveTest4 RemoveTest5 RemoveTest6 SizeTest0 SizeTest1 , ,EmptyTest1 RemoveTest7- SizeTest2 , ,
19,Sun Oct 07 02:13:47 EDT 2018,84,-4,Assignment2Suite,ContainsTest0 ContainsTest1 EfficiencyTest1 EmptyTest0 FindMinMaxTest0 FindMinMaxTest1 FindMinMaxTest2 HeightTest InsertAfterRemoveTest0 InsertAfterRemoveTest1 InsertAfterRemoveTest2 InsertTest0 InsertTest1 InsertTest2 RemoveTest0 RemoveTest1 RemoveTest2 RemoveTest3 RemoveTest4 RemoveTest6 SizeTest0 SizeTest1 , ,EmptyTest1 RemoveTest5- RemoveTest7 SizeTest2 , ,
20,Sun Oct 07 02:14:01 EDT 2018,92,8,Assignment2Suite,ContainsTest0 ContainsTest1 EfficiencyTest1 EmptyTest0 FindMinMaxTest0 FindMinMaxTest1 FindMinMaxTest2 HeightTest InsertAfterRemoveTest0 InsertAfterRemoveTest1 InsertAfterRemoveTest2 InsertTest0 InsertTest1 InsertTest2 RemoveTest0 RemoveTest1 RemoveTest2 RemoveTest3 RemoveTest4 RemoveTest5+ RemoveTest6 RemoveTest7+ SizeTest0 SizeTest1 , ,EmptyTest1 SizeTest2 , ,
21,Sun Oct 07 02:18:56 EDT 2018,92,0,Assignment2Suite,ContainsTest0 ContainsTest1 EfficiencyTest1 EmptyTest0 FindMinMaxTest0 FindMinMaxTest1 FindMinMaxTest2 HeightTest InsertAfterRemoveTest0 InsertAfterRemoveTest1 InsertAfterRemoveTest2 InsertTest0 InsertTest1 InsertTest2 RemoveTest0 RemoveTest1 RemoveTest2 RemoveTest3 RemoveTest4 RemoveTest5 RemoveTest6 RemoveTest7 SizeTest0 SizeTest1 , ,EmptyTest1 SizeTest2 , ,
22,Sun Oct 07 02:20:48 EDT 2018,92,0,Assignment2Suite,ContainsTest0 ContainsTest1 EfficiencyTest1 EmptyTest0 FindMinMaxTest0 FindMinMaxTest1 FindMinMaxTest2 HeightTest InsertAfterRemoveTest0 InsertAfterRemoveTest1 InsertAfterRemoveTest2 InsertTest0 InsertTest1 InsertTest2 RemoveTest0 RemoveTest1 RemoveTest2 RemoveTest3 RemoveTest4 RemoveTest5 RemoveTest6 RemoveTest7 SizeTest0 SizeTest1 , ,EmptyTest1 SizeTest2 , ,
23,Sun Oct 07 02:21:51 EDT 2018,92,0,Assignment2Suite,ContainsTest0 ContainsTest1 EfficiencyTest1 EmptyTest0 FindMinMaxTest0 FindMinMaxTest1 FindMinMaxTest2 HeightTest InsertAfterRemoveTest0 InsertAfterRemoveTest1 InsertAfterRemoveTest2 InsertTest0 InsertTest1 InsertTest2 RemoveTest0 RemoveTest1 RemoveTest2 RemoveTest3 RemoveTest4 RemoveTest5 RemoveTest6 RemoveTest7 SizeTest0 SizeTest1 , ,EmptyTest1 SizeTest2 , ,
24,Sun Oct 07 02:22:59 EDT 2018,92,0,Assignment2Suite,ContainsTest0 ContainsTest1 EfficiencyTest1 EmptyTest0 FindMinMaxTest0 FindMinMaxTest1 FindMinMaxTest2 HeightTest InsertAfterRemoveTest0 InsertAfterRemoveTest1 InsertAfterRemoveTest2 InsertTest0 InsertTest1 InsertTest2 RemoveTest0 RemoveTest1 RemoveTest2 RemoveTest3 RemoveTest4 RemoveTest5 RemoveTest6 RemoveTest7 SizeTest0 SizeTest1 , ,EmptyTest1 SizeTest2 , ,
25,Sun Oct 07 02:48:01 EDT 2018,96,4,Assignment2Suite,ContainsTest0 ContainsTest1 EfficiencyTest1 EmptyTest0 EmptyTest1+ FindMinMaxTest0 FindMinMaxTest1 FindMinMaxTest2 HeightTest InsertAfterRemoveTest0 InsertAfterRemoveTest1 InsertAfterRemoveTest2 InsertTest0 InsertTest1 InsertTest2 RemoveTest0 RemoveTest1 RemoveTest2 RemoveTest3 RemoveTest4 RemoveTest5 RemoveTest6 RemoveTest7 SizeTest0 SizeTest1 , ,SizeTest2 , ,
26,Sun Oct 07 02:48:50 EDT 2018,100,4,Assignment2Suite,ContainsTest0 ContainsTest1 EfficiencyTest1 EmptyTest0 EmptyTest1 FindMinMaxTest0 FindMinMaxTest1 FindMinMaxTest2 HeightTest InsertAfterRemoveTest0 InsertAfterRemoveTest1 InsertAfterRemoveTest2 InsertTest0 InsertTest1 InsertTest2 RemoveTest0 RemoveTest1 RemoveTest2 RemoveTest3 RemoveTest4 RemoveTest5 RemoveTest6 RemoveTest7 SizeTest0 SizeTest1 SizeTest2+ , , , ,
